<?xml version="1.0"?>
<doc>
    <assembly>
        <name>Plugin.Connectivity.Abstractions</name>
    </assembly>
    <members>
        <member name="T:Plugin.Connectivity.Abstractions.BaseConnectivity">
            <summary>
            Base class for all connectivity classes
            </summary>
        </member>
        <member name="P:Plugin.Connectivity.Abstractions.BaseConnectivity.IsConnected">
            <summary>
            Gets if there is an active internet connection
            </summary>
        </member>
        <member name="M:Plugin.Connectivity.Abstractions.BaseConnectivity.IsReachable(System.String,System.Int32)">
            <summary>
            Tests if a host name is pingable
            </summary>
            <param name="host">The host name can either be a machine name, such as "java.sun.com", or a textual representation of its IP address (127.0.0.1)</param>
            <param name="msTimeout">Timeout in milliseconds</param>
            <returns></returns>
        </member>
        <member name="M:Plugin.Connectivity.Abstractions.BaseConnectivity.IsRemoteReachable(System.String,System.Int32,System.Int32)">
            <summary>
            Tests if a remote host name is reachable
            </summary>
            <param name="host">Host name can be a remote IP or URL of website</param>
            <param name="port">Port to attempt to check is reachable.</param>
            <param name="msTimeout">Timeout in milliseconds.</param>
            <returns></returns>
        </member>
        <member name="P:Plugin.Connectivity.Abstractions.BaseConnectivity.ConnectionTypes">
            <summary>
            Gets the list of all active connection types.
            </summary>
        </member>
        <member name="P:Plugin.Connectivity.Abstractions.BaseConnectivity.Bandwidths">
            <summary>
            Retrieves a list of available bandwidths for the platform.
            Only active connections.
            </summary>
        </member>
        <member name="M:Plugin.Connectivity.Abstractions.BaseConnectivity.OnConnectivityChanged(Plugin.Connectivity.Abstractions.ConnectivityChangedEventArgs)">
            <summary>
            When connectivity changes
            </summary>
            <param name="e"></param>
        </member>
        <member name="M:Plugin.Connectivity.Abstractions.BaseConnectivity.OnConnectivityTypeChanged(Plugin.Connectivity.Abstractions.ConnectivityTypeChangedEventArgs)">
            <summary>
            When connectivity type changes
            </summary>
            <param name="e"></param>
        </member>
        <member name="E:Plugin.Connectivity.Abstractions.BaseConnectivity.ConnectivityChanged">
            <summary>
            Connectivity event
            </summary>
        </member>
        <member name="E:Plugin.Connectivity.Abstractions.BaseConnectivity.ConnectivityTypeChanged">
            <summary>
            Connectivity type changed event
            </summary>
        </member>
        <member name="M:Plugin.Connectivity.Abstractions.BaseConnectivity.Dispose">
            <summary>
            Dispose of class and parent classes
            </summary>
        </member>
        <member name="M:Plugin.Connectivity.Abstractions.BaseConnectivity.Finalize">
            <summary>
            Dispose up
            </summary>
        </member>
        <member name="M:Plugin.Connectivity.Abstractions.BaseConnectivity.Dispose(System.Boolean)">
            <summary>
            Dispose method
            </summary>
            <param name="disposing"></param>
        </member>
        <member name="T:Plugin.Connectivity.Abstractions.ConnectionType">
            <summary>
            Type of connection
            </summary>
        </member>
        <member name="F:Plugin.Connectivity.Abstractions.ConnectionType.Cellular">
            <summary>
            Cellular connection, 3G, Edge, 4G, LTE
            </summary>
        </member>
        <member name="F:Plugin.Connectivity.Abstractions.ConnectionType.WiFi">
            <summary>
            Wifi connection
            </summary>
        </member>
        <member name="F:Plugin.Connectivity.Abstractions.ConnectionType.Desktop">
            <summary>
            Desktop or ethernet connection
            </summary>
        </member>
        <member name="F:Plugin.Connectivity.Abstractions.ConnectionType.Wimax">
            <summary>
            Wimax (only android)
            </summary>
        </member>
        <member name="F:Plugin.Connectivity.Abstractions.ConnectionType.Other">
            <summary>
            Other type of connection
            </summary>
        </member>
        <member name="F:Plugin.Connectivity.Abstractions.ConnectionType.Bluetooth">
            <summary>
            Bluetooth connection
            </summary>
        </member>
        <member name="T:Plugin.Connectivity.Abstractions.IConnectivity">
            <summary>
            Interface for Connectivity
            </summary>
        </member>
        <member name="P:Plugin.Connectivity.Abstractions.IConnectivity.IsConnected">
            <summary>
            Gets if there is an active internet connection
            </summary>
        </member>
        <member name="M:Plugin.Connectivity.Abstractions.IConnectivity.IsReachable(System.String,System.Int32)">
            <summary>
            Tests if a host name is pingable
            </summary>
            <param name="host">The host name can either be a machine name, such as "java.sun.com", or a textual representation of its IP address (127.0.0.1)</param>
            <param name="msTimeout">Timeout in milliseconds</param>
            <returns></returns>
        </member>
        <member name="M:Plugin.Connectivity.Abstractions.IConnectivity.IsRemoteReachable(System.String,System.Int32,System.Int32)">
            <summary>
            Tests if a remote host name is reachable
            </summary>
            <param name="host">Host name can be a remote IP or URL of website</param>
            <param name="port">Port to attempt to check is reachable.</param>
            <param name="msTimeout">Timeout in milliseconds.</param>
            <returns></returns>
        </member>
        <member name="P:Plugin.Connectivity.Abstractions.IConnectivity.ConnectionTypes">
            <summary>
            Gets the list of all active connection types.
            </summary>
        </member>
        <member name="P:Plugin.Connectivity.Abstractions.IConnectivity.Bandwidths">
            <summary>
            Retrieves a list of available bandwidths for the platform.
            Only active connections.
            </summary>
        </member>
        <member name="E:Plugin.Connectivity.Abstractions.IConnectivity.ConnectivityChanged">
            <summary>
            Event handler when connection changes
            </summary>
        </member>
        <member name="E:Plugin.Connectivity.Abstractions.IConnectivity.ConnectivityTypeChanged">
            <summary>
            Event handler when connection type changes
            </summary>
        </member>
        <member name="T:Plugin.Connectivity.Abstractions.ConnectivityChangedEventArgs">
            <summary>
            Arguments to pass to event handlers
            </summary>
        </member>
        <member name="P:Plugin.Connectivity.Abstractions.ConnectivityChangedEventArgs.IsConnected">
            <summary>
            Gets if there is an active internet connection
            </summary>
        </member>
        <member name="T:Plugin.Connectivity.Abstractions.ConnectivityTypeChangedEventArgs">
            <summary>
            Arguments to pass to connectivity type changed event handlers
            </summary>
        </member>
        <member name="P:Plugin.Connectivity.Abstractions.ConnectivityTypeChangedEventArgs.IsConnected">
            <summary>
            Gets if there is an active internet connection
            </summary>
        </member>
        <member name="P:Plugin.Connectivity.Abstractions.ConnectivityTypeChangedEventArgs.ConnectionTypes">
            <summary>
            Gets the list of all active connection types.
            </summary>
        </member>
        <member name="T:Plugin.Connectivity.Abstractions.ConnectivityChangedEventHandler">
            <summary>
            Connectivity changed event handlers
            </summary>
            <param name="sender"></param>
            <param name="e"></param>
        </member>
        <member name="T:Plugin.Connectivity.Abstractions.ConnectivityTypeChangedEventHandler">
            <summary>
            Connectivity type changed event handlers
            </summary>
            <param name="sender"></param>
            <param name="e"></param>
        </member>
    </members>
</doc>
